gender,Fail,Pass,Pass Rate (%)
female,250,268,51.737451737451735
male,291,191,39.62655601659751
