parental level of education,Fail,Pass,Pass Rate (%)
associate's degree,112,110,49.549549549549546
bachelor's degree,52,66,55.932203389830505
high school,131,65,33.16326530612245
master's degree,23,36,61.016949152542374
some college,118,108,47.78761061946903
some high school,105,74,41.340782122905026
